{
    "Attention Focus Score": 0.5007603424160875,
    "Caption Importance Correlation": 0.9538842469980398,
    "Attention Consistency": 0.9999779315417004,
    "Disease Classification Accuracy": 0.9090909090909091,
    "Mean Disease Probability": 0.49998903274536133
}