epoch,train_loss,train_cls,train_lv,train_entropy,val_loss
1,3.1795032530119927,0.6995775507706584,0.7716421349482103,6.964587776949911,3.1660631425452954
2,3.137008991205331,0.6931511533982826,0.7066073060938807,6.96459546956149,3.1317086987423175
3,3.1411844835136877,0.693148381104975,0.7153998771400163,6.964599961584264,3.142360802852746
4,3.1338686699217018,0.6931475258686326,0.7007941673650886,6.964600245157878,3.130169647209572
5,3.133603842872562,0.6931476017290895,0.7005809005914312,6.964600781599681,3.1343477341261776
6,3.131656897790504,0.6931475640246363,0.6965890167789026,6.96460123315002,3.1301223211216205
7,3.129680747335607,0.6931478415023197,0.6927296909870524,6.964600909839977,3.128964987668124
8,3.1311441190315015,0.6931472061709925,0.6957005074981487,6.964601085041508,3.12985103690263
